Workbook

Sheet Sales Data
A1: Month | B1: Date | C1: Product | D1: Region | E1: Unit Price | F1: Quantity | G1: Total Sales
A2: Jan | B2: 45658 | C2: Laptop | D2: East | E2: 20000 | F2: 1 | G2: =Table1[[#This Row],[Unit Price]]*Table1[[#This Row],[Quantity]] -> 20000
A3: Jan | B3: 45659 | C3: Phone | D3: South | E3: 20000 | F3: 2 | G3: =Table1[[#This Row],[Unit Price]]*Table1[[#This Row],[Quantity]] -> 40000
A4: Jan | B4: 45660 | C4: Desk | D4: North | E4: 4000 | F4: 1 | G4: =Table1[[#This Row],[Unit Price]]*Table1[[#This Row],[Quantity]] -> 4000
A5: Jan | B5: 45661 | C5: Chair | D5: West | E5: 1000 | F5: 1 | G5: =Table1[[#This Row],[Unit Price]]*Table1[[#This Row],[Quantity]] -> 1000
A6: Jan | B6: 45662 | C6: Tablet | D6: West | E6: 15000 | F6: 1 | G6: =Table1[[#This Row],[Unit Price]]*Table1[[#This Row],[Quantity]] -> 15000
A7: Jan | B7: 45663 | C7: Monitor | D7: North | E7: 3000 | F7: 5 | G7: =Table1[[#This Row],[Unit Price]]*Table1[[#This Row],[Quantity]] -> 15000
A8: Jan | B8: 45664 | C8: Printer | D8: South | E8: 1500 | F8: 3 | G8: =Table1[[#This Row],[Unit Price]]*Table1[[#This Row],[Quantity]] -> 4500
A9: Jan | B9: 45665 | C9: Chair | D9: North | E9: 1000 | F9: 5 | G9: =Table1[[#This Row],[Unit Price]]*Table1[[#This Row],[Quantity]] -> 5000
A10: Jan | B10: 45666 | C10: Chair | D10: South | E10: 1000 | F10: 2 | G10: =Table1[[#This Row],[Unit Price]]*Table1[[#This Row],[Quantity]] -> 2000
A11: Jan | B11: 45667 | C11: Desk | D11: West | E11: 4000 | F11: 1 | G11: =Table1[[#This Row],[Unit Price]]*Table1[[#This Row],[Quantity]] -> 4000
A12: Jan | B12: 45668 | C12: Desk | D12: North | E12: 4000 | F12: 1 | G12: =Table1[[#This Row],[Unit Price]]*Table1[[#This Row],[Quantity]] -> 4000
A13: Jan | B13: 45669 | C13: Phone | D13: East | E13: 20000 | F13: 3 | G13: =Table1[[#This Row],[Unit Price]]*Table1[[#This Row],[Quantity]] -> 60000
... A121: April | B121: 45777 | C121: Desk | D121: East | E121: 4000 | F121: 2 | G121: =Table1[[#This Row],[Unit Price]]*Table1[[#This Row],[Quantity]] -> 8000

Sheet Report 
A1: Automated Sales Report (Dynamic report using excel formulas and drop-downs)
A2: Fields | B2: Drop-down
A3: Month | B3: Feb
A4: Product | B4: Desk
A5: Region | B5: South
A7: Total Sales = | B7: =SUMIFS('Sales Data'!G:G,'Sales Data'!A:A,B3,'Sales Data'!C:C,B4,'Sales Data'!D:D,B5) -> 128000
A11: Month | B11: Sale
A12: Jan | B12: =SUMIF('Sales Data'!A:A,A12,'Sales Data'!G:G) -> 1034500
A13: Feb | B13: =SUMIF('Sales Data'!A:A,A13,'Sales Data'!G:G) -> 1125000
A14: March | B14: =SUMIF('Sales Data'!A:A,A14,'Sales Data'!G:G) -> 1806500
A15: April | B15: =SUMIF('Sales Data'!A:A,A15,'Sales Data'!G:G) -> 1308000
A16: Total Sale = | B16: =SUM(B12:B15) -> 5274000
