Workbook

Sheet Inventory Data
A1: Product Code | B1: Product | C1: Category | D1: Opening | E1: Inward | F1: Outward | G1: Closing | J1: Category
A2: ACC-01 | B2: Charger Type C | C2: Accessories | D2: 220 | E2: 50 | F2: 150 | G2: =D2+E2-F2 -> 120 | J2: Accessories
A3: ACC-02 | B3: Charger Type A | C3: Accessories | D3: 200 | E3: 60 | F3: 140 | G3: =D3+E3-F3 -> 120 | J3: Electronics
A4: ACC-03 | B4: Headphones | C4: Accessories | D4: 90 | E4: 30 | F4: 65 | G4: =D4+E4-F4 -> 55 | J4: Furniture
A5: ACC-04 | B5: USB Cable | C5: Accessories | D5: 300 | E5: 80 | F5: 220 | G5: =D5+E5-F5 -> 160 | J5: Office/Utility Items
A6: ACC-05 | B6: Charger Type B | C6: Accessories | D6: 150 | E6: 100 | F6: 200 | G6: =D6+E6-F6 -> 50
A7: ACC-06 | B7: Earphones A | C7: Accessories | D7: 180 | E7: 50 | F7: 120 | G7: =D7+E7-F7 -> 110
A8: ACC-07 | B8: Earphones B | C8: Accessories | D8: 200 | E8: 20 | F8: 200 | G8: =D8+E8-F8 -> 20
A9: ACC-08 | B9: Bluetooth Headset | C9: Accessories | D9: 120 | E9: 40 | F9: 100 | G9: =D9+E9-F9 -> 60
A10: ACC-09 | B10: Power Bank | C10: Accessories | D10: 110 | E10: 40 | F10: 85 | G10: =D10+E10-F10 -> 65
A11: ACC-10 | B11: Mobile cover A | C11: Accessories | D11: 50 | E11: 10 | F11: 55 | G11: =D11+E11-F11 -> 5
A12: ACC-11 | B12: Mobile cover B | C12: Accessories | D12: 70 | E12: 20 | F12: 60 | G12: =D12+E12-F12 -> 30
A13: ACC-12 | B13: Screen Guard | C13: Accessories | D13: 70 | E13: 15 | F13: 75 | G13: =D13+E13-F13 -> 10
A14: ACC-13 | B14: Tempered Glass | C14: Accessories | D14: 400 | E14: 100 | F14: 330 | G14: =D14+E14-F14 -> 170
A15: ACC-14 | B15: Mobile Stand | C15: Accessories | D15: 40 | E15: 30 | F15: 50 | G15: =D15+E15-F15 -> 20
A16: ACC-15 | B16: Laptop Bag | C16: Accessories | D16: 60 | E16: 20 | F16: 40 | G16: =D16+E16-F16 -> 40
A17: ELE-01 | B17: Tablet A | C17: Electronics | D17: 80 | E17: 25 | F17: 50 | G17: =D17+E17-F17 -> 55
... A50: UTL-09 | B50: Memory Card | C50: Office/Utility Items | D50: 65 | E50: 50 | F50: 70 | G50: =D50+E50-F50 -> 45

Sheet Summary Sheet
A1: Product Code | B1: Product | C1: Category | D1: Closing
A2: ACC-01 | B2: =VLOOKUP(A2,'Inventory Data'!A:G,2,0) -> Charger Type C | C2: =VLOOKUP(A2,'Inventory Data'!A:G,3,0) -> Accessories | D2: =VLOOKUP(A2,'Inventory Data'!A:G,7,0) -> 120
A3: ACC-02 | B3: =VLOOKUP(A3,'Inventory Data'!A:G,2,0) -> Charger Type A | C3: =VLOOKUP(A3,'Inventory Data'!A:G,3,0) -> Accessories | D3: =VLOOKUP(A3,'Inventory Data'!A:G,7,0) -> 120
A4: ACC-03 | B4: =VLOOKUP(A4,'Inventory Data'!A:G,2,0) -> Headphones | C4: =VLOOKUP(A4,'Inventory Data'!A:G,3,0) -> Accessories | D4: =VLOOKUP(A4,'Inventory Data'!A:G,7,0) -> 55
A5: ACC-04 | B5: =VLOOKUP(A5,'Inventory Data'!A:G,2,0) -> USB Cable | C5: =VLOOKUP(A5,'Inventory Data'!A:G,3,0) -> Accessories | D5: =VLOOKUP(A5,'Inventory Data'!A:G,7,0) -> 160
A6: ACC-05 | B6: =VLOOKUP(A6,'Inventory Data'!A:G,2,0) -> Charger Type B | C6: =VLOOKUP(A6,'Inventory Data'!A:G,3,0) -> Accessories | D6: =VLOOKUP(A6,'Inventory Data'!A:G,7,0) -> 50
A7: ACC-06 | B7: =VLOOKUP(A7,'Inventory Data'!A:G,2,0) -> Earphones A | C7: =VLOOKUP(A7,'Inventory Data'!A:G,3,0) -> Accessories | D7: =VLOOKUP(A7,'Inventory Data'!A:G,7,0) -> 110
A8: ACC-07 | B8: =VLOOKUP(A8,'Inventory Data'!A:G,2,0) -> Earphones B | C8: =VLOOKUP(A8,'Inventory Data'!A:G,3,0) -> Accessories | D8: =VLOOKUP(A8,'Inventory Data'!A:G,7,0) -> 20
A9: ACC-08 | B9: =VLOOKUP(A9,'Inventory Data'!A:G,2,0) -> Bluetooth Headset | C9: =VLOOKUP(A9,'Inventory Data'!A:G,3,0) -> Accessories | D9: =VLOOKUP(A9,'Inventory Data'!A:G,7,0) -> 60
A10: ACC-09 | B10: =VLOOKUP(A10,'Inventory Data'!A:G,2,0) -> Power Bank | C10: =VLOOKUP(A10,'Inventory Data'!A:G,3,0) -> Accessories | D10: =VLOOKUP(A10,'Inventory Data'!A:G,7,0) -> 65
A11: ACC-10 | B11: =VLOOKUP(A11,'Inventory Data'!A:G,2,0) -> Mobile cover A | C11: =VLOOKUP(A11,'Inventory Data'!A:G,3,0) -> Accessories | D11: =VLOOKUP(A11,'Inventory Data'!A:G,7,0) -> 5
A12: ACC-11 | B12: =VLOOKUP(A12,'Inventory Data'!A:G,2,0) -> Mobile cover B | C12: =VLOOKUP(A12,'Inventory Data'!A:G,3,0) -> Accessories | D12: =VLOOKUP(A12,'Inventory Data'!A:G,7,0) -> 30
A13: ACC-12 | B13: =VLOOKUP(A13,'Inventory Data'!A:G,2,0) -> Screen Guard | C13: =VLOOKUP(A13,'Inventory Data'!A:G,3,0) -> Accessories | D13: =VLOOKUP(A13,'Inventory Data'!A:G,7,0) -> 10
... A50: UTL-09 | B50: =VLOOKUP(A50,'Inventory Data'!A:G,2,0) -> Memory Card | C50: =VLOOKUP(A50,'Inventory Data'!A:G,3,0) -> Office/Utility Items | D50: =VLOOKUP(A50,'Inventory Data'!A:G,7,0) -> 45

Sheet Dashboard
A1: Inventory Management Dashboard
A2: Select Category | B2: Accessories
A5: Product | B5: Stock
A6: {=IFERROR(INDEX('Summary Sheet'!B:B,SMALL(IF('Summary Sheet'!C:C=$B$2,ROW('Summary Sheet'!B:B)),ROW(A1))), "")} -> Charger Type C | B6: =IF(A6=" ", " ", INDEX('Summary Sheet'!D:D,MATCH(A6,'Summary Sheet'!B:B,0))) -> 120
A7: {=IFERROR(INDEX('Summary Sheet'!B:B,SMALL(IF('Summary Sheet'!C:C=$B$2,ROW('Summary Sheet'!B:B)),ROW(A2))), "")} -> Charger Type A | B7: =IF(A7=" ", " ", INDEX('Summary Sheet'!D:D,MATCH(A7,'Summary Sheet'!B:B,0))) -> 120
A8: {=IFERROR(INDEX('Summary Sheet'!B:B,SMALL(IF('Summary Sheet'!C:C=$B$2,ROW('Summary Sheet'!B:B)),ROW(A3))), "")} -> Headphones | B8: =IF(A8=" ", " ", INDEX('Summary Sheet'!D:D,MATCH(A8,'Summary Sheet'!B:B,0))) -> 55
A9: {=IFERROR(INDEX('Summary Sheet'!B:B,SMALL(IF('Summary Sheet'!C:C=$B$2,ROW('Summary Sheet'!B:B)),ROW(A4))), "")} -> USB Cable | B9: =IF(A9=" ", " ", INDEX('Summary Sheet'!D:D,MATCH(A9,'Summary Sheet'!B:B,0))) -> 160
A10: {=IFERROR(INDEX('Summary Sheet'!B:B,SMALL(IF('Summary Sheet'!C:C=$B$2,ROW('Summary Sheet'!B:B)),ROW(A5))), "")} -> Charger Type B | B10: =IF(A10=" ", " ", INDEX('Summary Sheet'!D:D,MATCH(A10,'Summary Sheet'!B:B,0))) -> 50
A11: {=IFERROR(INDEX('Summary Sheet'!B:B,SMALL(IF('Summary Sheet'!C:C=$B$2,ROW('Summary Sheet'!B:B)),ROW(A6))), "")} -> Earphones A | B11: =IF(A11=" ", " ", INDEX('Summary Sheet'!D:D,MATCH(A11,'Summary Sheet'!B:B,0))) -> 110
A12: {=IFERROR(INDEX('Summary Sheet'!B:B,SMALL(IF('Summary Sheet'!C:C=$B$2,ROW('Summary Sheet'!B:B)),ROW(A7))), "")} -> Earphones B | B12: =IF(A12=" ", " ", INDEX('Summary Sheet'!D:D,MATCH(A12,'Summary Sheet'!B:B,0))) -> 20
A13: {=IFERROR(INDEX('Summary Sheet'!B:B,SMALL(IF('Summary Sheet'!C:C=$B$2,ROW('Summary Sheet'!B:B)),ROW(A8))), "")} -> Bluetooth Headset | B13: =IF(A13=" ", " ", INDEX('Summary Sheet'!D:D,MATCH(A13,'Summary Sheet'!B:B,0))) -> 60
A14: {=IFERROR(INDEX('Summary Sheet'!B:B,SMALL(IF('Summary Sheet'!C:C=$B$2,ROW('Summary Sheet'!B:B)),ROW(A9))), "")} -> Power Bank | B14: =IFERROR(VLOOKUP(A14,'Summary Sheet'!B:D,3,FALSE)," ") -> 65
A15: {=IFERROR(INDEX('Summary Sheet'!B:B,SMALL(IF('Summary Sheet'!C:C=$B$2,ROW('Summary Sheet'!B:B)),ROW(A10))), "")} -> Mobile cover A | B15: =IFERROR(VLOOKUP(A15,'Summary Sheet'!B:D,3,FALSE)," ") -> 5
A16: {=IFERROR(INDEX('Summary Sheet'!B:B,SMALL(IF('Summary Sheet'!C:C=$B$2,ROW('Summary Sheet'!B:B)),ROW(A11))), "")} -> Mobile cover B | B16: =IFERROR(VLOOKUP(A16,'Summary Sheet'!B:D,3,FALSE)," ") -> 30
A17: {=IFERROR(INDEX('Summary Sheet'!B:B,SMALL(IF('Summary Sheet'!C:C=$B$2,ROW('Summary Sheet'!B:B)),ROW(A12))), "")} -> Screen Guard | B17: =IFERROR(VLOOKUP(A17,'Summary Sheet'!B:D,3,FALSE)," ") -> 10
A18: {=IFERROR(INDEX('Summary Sheet'!B:B,SMALL(IF('Summary Sheet'!C:C=$B$2,ROW('Summary Sheet'!B:B)),ROW(A13))), "")} -> Tempered Glass | B18: =IFERROR(VLOOKUP(A18,'Summary Sheet'!B:D,3,FALSE)," ") -> 170
A19: {=IFERROR(INDEX('Summary Sheet'!B:B,SMALL(IF('Summary Sheet'!C:C=$B$2,ROW('Summary Sheet'!B:B)),ROW(A14))), "")} -> Mobile Stand | B19: =IFERROR(VLOOKUP(A19,'Summary Sheet'!B:D,3,FALSE)," ") -> 20
A20: {=IFERROR(INDEX('Summary Sheet'!B:B,SMALL(IF('Summary Sheet'!C:C=$B$2,ROW('Summary Sheet'!B:B)),ROW(A15))), "")} -> Laptop Bag | B20: =IFERROR(VLOOKUP(A20,'Summary Sheet'!B:D,3,FALSE)," ") -> 40
A21: {=IFERROR(INDEX('Summary Sheet'!B:B,SMALL(IF('Summary Sheet'!C:C=$B$2,ROW('Summary Sheet'!B:B)),ROW(A16))), "")} | B21: =IFERROR(VLOOKUP(A21,'Summary Sheet'!B:D,3,FALSE)," ") | C21: =IFERROR(INDEX('Summary Sheet'!D:D,MATCH(A21,'Summary Sheet'!B:B,0))," ")
A22: {=IFERROR(INDEX('Summary Sheet'!B:B,SMALL(IF('Summary Sheet'!C:C=$B$2,ROW('Summary Sheet'!B:B)),ROW(A17))), "")} | B22: =IFERROR(VLOOKUP(A22,'Summary Sheet'!B:D,3,FALSE)," ") | C22: =IFERROR(INDEX('Summary Sheet'!D:D,MATCH(A22,'Summary Sheet'!B:B,0))," ")
A23: {=IFERROR(INDEX('Summary Sheet'!B:B,SMALL(IF('Summary Sheet'!C:C=$B$2,ROW('Summary Sheet'!B:B)),ROW(A18))), "")}
A24: {=IFERROR(INDEX('Summary Sheet'!B:B,SMALL(IF('Summary Sheet'!C:C=$B$2,ROW('Summary Sheet'!B:B)),ROW(A19))), "")}
A25: {=IFERROR(INDEX('Summary Sheet'!B:B,SMALL(IF('Summary Sheet'!C:C=$B$2,ROW('Summary Sheet'!B:B)),ROW(A21))), "")}
A26: {=IFERROR(INDEX('Summary Sheet'!B:B,SMALL(IF('Summary Sheet'!C:C=$B$2,ROW('Summary Sheet'!B:B)),ROW(A22))), "")}
A27: {=IFERROR(INDEX('Summary Sheet'!B:B,SMALL(IF('Summary Sheet'!C:C=$B$2,ROW('Summary Sheet'!B:B)),ROW(A23))), "")}
A28: {=IFERROR(INDEX('Inventory Data'!B:B,SMALL(IF('Inventory Data'!C:C=$B$2,ROW('Inventory Data'!B:B)),ROW(A24))), "")}
