Workbook

Sheet MIS_Data
A1: Month | B1: Product | C1: Region | D1: Metric | E1: Target | F1: Actutal | G1: Variance | I1: Month | J1: Product | K1: Region | L1: Metric
A2: Jan | B2: Laptop | C2: East | D2: Sales | E2: 80000 | F2: 75000 | G2: =F2-E2 -> -5000 | I2: Jan | J2: Chair | K2: West | L2: Sales
A3: Jan | B3: Phone | C3: South | D3: Sales | E3: 200000 | F3: 210000 | G3: =F3-E3 -> 10000 | I3: Feb | J3: Phone | K3: South | L3: Profit
A4: Jan | B4: Desk | C4: North | D4: Sales | E4: 50000 | F4: 60000 | G4: =F4-E4 -> 10000 | I4: March | J4: Laptop | K4: East
A5: Jan | B5: Chair | C5: West | D5: Sales | E5: 50000 | F5: 47000 | G5: =F5-E5 -> -3000 | I5: April | J5: Desk | K5: North
A6: Jan | B6: Tablet | C6: West | D6: Sales | E6: 200000 | F6: 220000 | G6: =F6-E6 -> 20000 | J6: Tablet
A7: Jan | B7: Monitor | C7: North | D7: Sales | E7: 80000 | F7: 50000 | G7: =F7-E7 -> -30000 | J7: Monitor
A8: Jan | B8: Printer | C8: South | D8: Sales | E8: 150000 | F8: 170000 | G8: =F8-E8 -> 20000 | J8: Printer
A9: Jan | B9: Chair | C9: North | D9: Sales | E9: 50000 | F9: 52000 | G9: =F9-E9 -> 2000
A10: Jan | B10: Chair | C10: South | D10: Sales | E10: 50000 | F10: 50000 | G10: =F10-E10 -> 0
A11: Jan | B11: Desk | C11: West | D11: Sales | E11: 50000 | F11: 55000 | G11: =F11-E11 -> 5000
A12: Jan | B12: Desk | C12: East | D12: Sales | E12: 50000 | F12: 50000 | G12: =F12-E12 -> 0
A13: Jan | B13: Phone | C13: East | D13: Sales | E13: 200000 | F13: 240000 | G13: =F13-E13 -> 40000
A14: Jan | B14: Phone | C14: North | D14: Sales | E14: 200000 | F14: 200000 | G14: =F14-E14 -> 0
A15: Jan | B15: Tablet | C15: South | D15: Sales | E15: 200000 | F15: 200000 | G15: =F15-E15 -> 0
A16: Jan | B16: Desk | C16: South | D16: Sales | E16: 50000 | F16: 48000 | G16: =F16-E16 -> -2000
A17: Jan | B17: Chair | C17: East | D17: Sales | E17: 50000 | F17: 60000 | G17: =F17-E17 -> 10000
A18: Jan | B18: Laptop | C18: West | D18: Sales | E18: 80000 | F18: 80000 | G18: =F18-E18 -> 0
A19: Jan | B19: Phone | C19: East | D19: Profit | E19: 20000 | F19: 30000 | G19: =F19-E19 -> 10000
A20: Jan | B20: Phone | C20: West | D20: Sales | E20: 200000 | F20: 175000 | G20: =F20-E20 -> -25000
... A126: April | B126: Phone | C126: West | D126: Profit | E126: 150000 | F126: 150000 | G126: =F126-E126 -> 0

Sheet MIS_Report
A1: MIS Sales Performace Report (Dynamic MIS using Excel Formulas & drop-downs)
B3: Drop-down | C3: Total Actual | D3: Total Target | E3: Variance
A4: Month | B4: Jan | C4: =SUMIFS(MIS_Data!F:F,MIS_Data!A:A,B4,MIS_Data!B:B,B5,MIS_Data!C:C,B6,MIS_Data!D:D,B7) -> 47000 | D4: =SUMIFS(MIS_Data!E:E,MIS_Data!A:A,B4,MIS_Data!B:B,B5,MIS_Data!C:C,B6,MIS_Data!D:D,B7) -> 50000 | E4: =C4-D4 -> -3000 | F4: =IF(E4>=0,"On Track", "Below Target") -> Below Target
A5: Product | B5: Chair
A6: Region | B6: West
A7: Metric | B7: Sales
A10: Month | B10: Total Actual
A11: Jan | B11: =SUMIF(MIS_Data!A:A,A11,MIS_Data!F:F) -> 3577000
A12: Feb | B12: =SUMIF(MIS_Data!A:A,A12,MIS_Data!F:F) -> 3839000
A13: March | B13: =SUMIF(MIS_Data!A:A,A13,MIS_Data!F:F) -> 4447000
A14: April | B14: =SUMIF(MIS_Data!A:A,A14,MIS_Data!F:F) -> 7436000
A15: Total Sale= | B15: =SUM(B11:B14) -> 19299000
